timestamp,hour,day_of_week,time_str,date,car,truck,bus,motorcycle,total_vehicles,is_weekend
2024-01-15 00:00:00,0,Monday,00:00,2024-01-15,5,0,0,0,5,False
2024-01-15 00:15:00,0,Monday,00:15,2024-01-15,1,0,0,0,1,False
2024-01-15 00:30:00,0,Monday,00:30,2024-01-15,1,0,0,0,1,False
2024-01-15 00:45:00,0,Monday,00:45,2024-01-15,2,0,0,0,2,False
2024-01-15 01:00:00,1,Monday,01:00,2024-01-15,0,0,0,0,0,False
2024-01-15 01:15:00,1,Monday,01:15,2024-01-15,4,0,0,0,4,False
2024-01-15 01:30:00,1,Monday,01:30,2024-01-15,0,0,0,0,0,False
2024-01-15 01:45:00,1,Monday,01:45,2024-01-15,2,0,0,0,2,False
2024-01-15 02:00:00,2,Monday,02:00,2024-01-15,1,0,0,0,1,False
2024-01-15 02:15:00,2,Monday,02:15,2024-01-15,4,0,0,0,4,False
2024-01-15 02:30:00,2,Monday,02:30,2024-01-15,4,0,0,0,4,False
2024-01-15 02:45:00,2,Monday,02:45,2024-01-15,1,0,0,0,1,False
2024-01-15 03:00:00,3,Monday,03:00,2024-01-15,4,0,0,0,4,False
2024-01-15 03:15:00,3,Monday,03:15,2024-01-15,3,0,0,0,3,False
2024-01-15 03:30:00,3,Monday,03:30,2024-01-15,2,0,0,0,2,False
2024-01-15 03:45:00,3,Monday,03:45,2024-01-15,0,0,0,0,0,False
2024-01-15 04:00:00,4,Monday,04:00,2024-01-15,0,0,0,0,0,False
2024-01-15 04:15:00,4,Monday,04:15,2024-01-15,1,0,0,0,1,False
2024-01-15 04:30:00,4,Monday,04:30,2024-01-15,4,0,0,0,4,False
2024-01-15 04:45:00,4,Monday,04:45,2024-01-15,2,0,0,0,2,False
2024-01-15 05:00:00,5,Monday,05:00,2024-01-15,3,0,0,0,3,False
2024-01-15 05:15:00,5,Monday,05:15,2024-01-15,4,0,0,0,4,False
2024-01-15 05:30:00,5,Monday,05:30,2024-01-15,0,0,0,0,0,False
2024-01-15 05:45:00,5,Monday,05:45,2024-01-15,3,0,0,0,3,False
2024-01-15 06:00:00,6,Monday,06:00,2024-01-15,6,1,0,0,7,False
2024-01-15 06:15:00,6,Monday,06:15,2024-01-15,9,1,0,1,11,False
2024-01-15 06:30:00,6,Monday,06:30,2024-01-15,11,1,1,1,14,False
2024-01-15 06:45:00,6,Monday,06:45,2024-01-15,11,2,0,1,14,False
2024-01-15 07:00:00,7,Monday,07:00,2024-01-15,23,4,2,2,31,False
2024-01-15 07:15:00,7,Monday,07:15,2024-01-15,30,5,3,2,40,False
2024-01-15 07:30:00,7,Monday,07:30,2024-01-15,29,5,3,2,39,False
2024-01-15 07:45:00,7,Monday,07:45,2024-01-15,31,5,3,2,41,False
2024-01-15 08:00:00,8,Monday,08:00,2024-01-15,19,3,2,2,26,False
2024-01-15 08:15:00,8,Monday,08:15,2024-01-15,20,3,2,1,26,False
2024-01-15 08:30:00,8,Monday,08:30,2024-01-15,20,3,2,2,27,False
2024-01-15 08:45:00,8,Monday,08:45,2024-01-15,29,3,3,3,38,False
2024-01-15 09:00:00,9,Monday,09:00,2024-01-15,19,3,1,2,25,False
2024-01-15 09:15:00,9,Monday,09:15,2024-01-15,29,3,4,3,39,False
2024-01-15 09:30:00,9,Monday,09:30,2024-01-15,23,2,2,1,28,False
2024-01-15 09:45:00,9,Monday,09:45,2024-01-15,33,6,2,2,43,False
2024-01-15 10:00:00,10,Monday,10:00,2024-01-15,12,1,1,2,16,False
2024-01-15 10:15:00,10,Monday,10:15,2024-01-15,10,1,0,1,12,False
2024-01-15 10:30:00,10,Monday,10:30,2024-01-15,8,1,1,1,11,False
2024-01-15 10:45:00,10,Monday,10:45,2024-01-15,6,1,0,0,7,False
2024-01-15 11:00:00,11,Monday,11:00,2024-01-15,17,3,1,1,22,False
2024-01-15 11:15:00,11,Monday,11:15,2024-01-15,7,1,0,1,9,False
2024-01-15 11:30:00,11,Monday,11:30,2024-01-15,6,0,0,1,7,False
2024-01-15 11:45:00,11,Monday,11:45,2024-01-15,8,1,0,0,9,False
2024-01-15 12:00:00,12,Monday,12:00,2024-01-15,10,1,1,1,13,False
2024-01-15 12:15:00,12,Monday,12:15,2024-01-15,12,2,1,1,16,False
2024-01-15 12:30:00,12,Monday,12:30,2024-01-15,6,1,0,0,7,False
2024-01-15 12:45:00,12,Monday,12:45,2024-01-15,6,1,0,0,7,False
2024-01-15 13:00:00,13,Monday,13:00,2024-01-15,10,1,1,1,13,False
2024-01-15 13:15:00,13,Monday,13:15,2024-01-15,9,2,0,0,11,False
2024-01-15 13:30:00,13,Monday,13:30,2024-01-15,10,1,1,1,13,False
2024-01-15 13:45:00,13,Monday,13:45,2024-01-15,10,1,0,1,12,False
2024-01-15 14:00:00,14,Monday,14:00,2024-01-15,10,1,0,1,12,False
2024-01-15 14:15:00,14,Monday,14:15,2024-01-15,12,2,1,1,16,False
2024-01-15 14:30:00,14,Monday,14:30,2024-01-15,11,1,1,0,13,False
2024-01-15 14:45:00,14,Monday,14:45,2024-01-15,11,2,1,1,15,False
2024-01-15 15:00:00,15,Monday,15:00,2024-01-15,16,2,1,1,20,False
2024-01-15 15:15:00,15,Monday,15:15,2024-01-15,11,1,0,1,13,False
2024-01-15 15:30:00,15,Monday,15:30,2024-01-15,10,1,0,1,12,False
2024-01-15 15:45:00,15,Monday,15:45,2024-01-15,10,1,1,1,13,False
2024-01-15 16:00:00,16,Monday,16:00,2024-01-15,14,1,1,1,17,False
2024-01-15 16:15:00,16,Monday,16:15,2024-01-15,17,2,1,2,22,False
2024-01-15 16:30:00,16,Monday,16:30,2024-01-15,12,2,1,1,16,False
2024-01-15 16:45:00,16,Monday,16:45,2024-01-15,10,1,0,1,12,False
2024-01-15 17:00:00,17,Monday,17:00,2024-01-15,24,3,2,2,31,False
2024-01-15 17:15:00,17,Monday,17:15,2024-01-15,33,5,2,5,45,False
2024-01-15 17:30:00,17,Monday,17:30,2024-01-15,22,3,2,1,28,False
2024-01-15 17:45:00,17,Monday,17:45,2024-01-15,26,3,2,2,33,False
2024-01-15 18:00:00,18,Monday,18:00,2024-01-15,25,5,3,3,36,False
2024-01-15 18:15:00,18,Monday,18:15,2024-01-15,29,4,2,3,38,False
2024-01-15 18:30:00,18,Monday,18:30,2024-01-15,25,4,2,1,32,False
2024-01-15 18:45:00,18,Monday,18:45,2024-01-15,30,6,3,2,41,False
2024-01-15 19:00:00,19,Monday,19:00,2024-01-15,35,7,4,4,50,False
2024-01-15 19:15:00,19,Monday,19:15,2024-01-15,31,4,3,3,41,False
2024-01-15 19:30:00,19,Monday,19:30,2024-01-15,31,5,3,4,43,False
2024-01-15 19:45:00,19,Monday,19:45,2024-01-15,23,2,1,1,27,False
2024-01-15 20:00:00,20,Monday,20:00,2024-01-15,7,1,0,0,8,False
2024-01-15 20:15:00,20,Monday,20:15,2024-01-15,11,2,1,0,14,False
2024-01-15 20:30:00,20,Monday,20:30,2024-01-15,8,1,0,0,9,False
2024-01-15 20:45:00,20,Monday,20:45,2024-01-15,11,1,1,1,14,False
2024-01-15 21:00:00,21,Monday,21:00,2024-01-15,6,1,0,0,7,False
2024-01-15 21:15:00,21,Monday,21:15,2024-01-15,8,1,1,0,10,False
2024-01-15 21:30:00,21,Monday,21:30,2024-01-15,5,0,0,0,5,False
2024-01-15 21:45:00,21,Monday,21:45,2024-01-15,6,0,0,0,6,False
2024-01-15 22:00:00,22,Monday,22:00,2024-01-15,5,0,0,0,5,False
2024-01-15 22:15:00,22,Monday,22:15,2024-01-15,3,0,0,0,3,False
2024-01-15 22:30:00,22,Monday,22:30,2024-01-15,3,0,0,0,3,False
2024-01-15 22:45:00,22,Monday,22:45,2024-01-15,5,0,0,0,5,False
2024-01-15 23:00:00,23,Monday,23:00,2024-01-15,1,0,0,0,1,False
2024-01-15 23:15:00,23,Monday,23:15,2024-01-15,3,0,0,0,3,False
2024-01-15 23:30:00,23,Monday,23:30,2024-01-15,2,0,0,0,2,False
2024-01-15 23:45:00,23,Monday,23:45,2024-01-15,3,0,0,0,3,False
2024-01-16 00:00:00,0,Tuesday,00:00,2024-01-16,2,0,0,0,2,False
2024-01-16 00:15:00,0,Tuesday,00:15,2024-01-16,4,1,0,0,5,False
2024-01-16 00:30:00,0,Tuesday,00:30,2024-01-16,3,0,0,0,3,False
2024-01-16 00:45:00,0,Tuesday,00:45,2024-01-16,5,0,0,0,5,False
2024-01-16 01:00:00,1,Tuesday,01:00,2024-01-16,4,0,0,0,4,False
2024-01-16 01:15:00,1,Tuesday,01:15,2024-01-16,1,0,0,0,1,False
2024-01-16 01:30:00,1,Tuesday,01:30,2024-01-16,4,0,0,0,4,False
2024-01-16 01:45:00,1,Tuesday,01:45,2024-01-16,0,0,0,0,0,False
2024-01-16 02:00:00,2,Tuesday,02:00,2024-01-16,3,0,0,0,3,False
2024-01-16 02:15:00,2,Tuesday,02:15,2024-01-16,1,0,0,0,1,False
2024-01-16 02:30:00,2,Tuesday,02:30,2024-01-16,1,0,0,0,1,False
2024-01-16 02:45:00,2,Tuesday,02:45,2024-01-16,2,0,0,0,2,False
2024-01-16 03:00:00,3,Tuesday,03:00,2024-01-16,0,0,0,0,0,False
2024-01-16 03:15:00,3,Tuesday,03:15,2024-01-16,3,0,0,0,3,False
2024-01-16 03:30:00,3,Tuesday,03:30,2024-01-16,0,0,0,0,0,False
2024-01-16 03:45:00,3,Tuesday,03:45,2024-01-16,4,0,0,0,4,False
2024-01-16 04:00:00,4,Tuesday,04:00,2024-01-16,2,0,0,0,2,False
2024-01-16 04:15:00,4,Tuesday,04:15,2024-01-16,3,0,0,0,3,False
2024-01-16 04:30:00,4,Tuesday,04:30,2024-01-16,5,0,0,0,5,False
2024-01-16 04:45:00,4,Tuesday,04:45,2024-01-16,3,0,0,0,3,False
2024-01-16 05:00:00,5,Tuesday,05:00,2024-01-16,3,0,0,0,3,False
2024-01-16 05:15:00,5,Tuesday,05:15,2024-01-16,4,0,0,0,4,False
2024-01-16 05:30:00,5,Tuesday,05:30,2024-01-16,5,0,0,0,5,False
2024-01-16 05:45:00,5,Tuesday,05:45,2024-01-16,2,0,0,0,2,False
2024-01-16 06:00:00,6,Tuesday,06:00,2024-01-16,5,0,0,0,5,False
2024-01-16 06:15:00,6,Tuesday,06:15,2024-01-16,6,1,0,1,8,False
2024-01-16 06:30:00,6,Tuesday,06:30,2024-01-16,6,0,0,1,7,False
2024-01-16 06:45:00,6,Tuesday,06:45,2024-01-16,7,1,1,0,9,False
2024-01-16 07:00:00,7,Tuesday,07:00,2024-01-16,25,4,1,3,33,False
2024-01-16 07:15:00,7,Tuesday,07:15,2024-01-16,24,2,1,3,30,False
2024-01-16 07:30:00,7,Tuesday,07:30,2024-01-16,17,3,1,1,22,False
2024-01-16 07:45:00,7,Tuesday,07:45,2024-01-16,34,5,3,4,46,False
2024-01-16 08:00:00,8,Tuesday,08:00,2024-01-16,18,2,2,2,24,False
2024-01-16 08:15:00,8,Tuesday,08:15,2024-01-16,29,4,3,3,39,False
2024-01-16 08:30:00,8,Tuesday,08:30,2024-01-16,22,2,1,2,27,False
2024-01-16 08:45:00,8,Tuesday,08:45,2024-01-16,26,4,3,2,35,False
2024-01-16 09:00:00,9,Tuesday,09:00,2024-01-16,34,6,3,2,45,False
2024-01-16 09:15:00,9,Tuesday,09:15,2024-01-16,26,3,3,4,36,False
2024-01-16 09:30:00,9,Tuesday,09:30,2024-01-16,29,4,3,4,40,False
2024-01-16 09:45:00,9,Tuesday,09:45,2024-01-16,33,6,2,2,43,False
2024-01-16 10:00:00,10,Tuesday,10:00,2024-01-16,8,1,0,1,10,False
2024-01-16 10:15:00,10,Tuesday,10:15,2024-01-16,16,2,1,1,20,False
2024-01-16 10:30:00,10,Tuesday,10:30,2024-01-16,11,1,1,1,14,False
2024-01-16 10:45:00,10,Tuesday,10:45,2024-01-16,13,1,1,1,16,False
2024-01-16 11:00:00,11,Tuesday,11:00,2024-01-16,13,2,1,1,17,False
2024-01-16 11:15:00,11,Tuesday,11:15,2024-01-16,7,1,0,0,8,False
2024-01-16 11:30:00,11,Tuesday,11:30,2024-01-16,9,1,1,1,12,False
2024-01-16 11:45:00,11,Tuesday,11:45,2024-01-16,15,3,1,1,20,False
2024-01-16 12:00:00,12,Tuesday,12:00,2024-01-16,10,1,0,1,12,False
2024-01-16 12:15:00,12,Tuesday,12:15,2024-01-16,15,3,1,1,20,False
2024-01-16 12:30:00,12,Tuesday,12:30,2024-01-16,10,1,0,1,12,False
2024-01-16 12:45:00,12,Tuesday,12:45,2024-01-16,8,1,0,1,10,False
2024-01-16 13:00:00,13,Tuesday,13:00,2024-01-16,17,2,1,1,21,False
2024-01-16 13:15:00,13,Tuesday,13:15,2024-01-16,14,3,1,1,19,False
2024-01-16 13:30:00,13,Tuesday,13:30,2024-01-16,8,1,1,0,10,False
2024-01-16 13:45:00,13,Tuesday,13:45,2024-01-16,9,2,0,1,12,False
2024-01-16 14:00:00,14,Tuesday,14:00,2024-01-16,10,1,0,1,12,False
2024-01-16 14:15:00,14,Tuesday,14:15,2024-01-16,15,1,1,1,18,False
2024-01-16 14:30:00,14,Tuesday,14:30,2024-01-16,12,2,1,1,16,False
2024-01-16 14:45:00,14,Tuesday,14:45,2024-01-16,7,1,0,1,9,False
2024-01-16 15:00:00,15,Tuesday,15:00,2024-01-16,14,1,1,2,18,False
2024-01-16 15:15:00,15,Tuesday,15:15,2024-01-16,9,2,1,1,13,False
2024-01-16 15:30:00,15,Tuesday,15:30,2024-01-16,13,1,1,2,17,False
2024-01-16 15:45:00,15,Tuesday,15:45,2024-01-16,14,1,1,1,17,False
2024-01-16 16:00:00,16,Tuesday,16:00,2024-01-16,11,1,1,1,14,False
2024-01-16 16:15:00,16,Tuesday,16:15,2024-01-16,11,1,1,1,14,False
2024-01-16 16:30:00,16,Tuesday,16:30,2024-01-16,7,1,0,0,8,False
2024-01-16 16:45:00,16,Tuesday,16:45,2024-01-16,10,1,1,0,12,False
2024-01-16 17:00:00,17,Tuesday,17:00,2024-01-16,27,4,3,4,38,False
2024-01-16 17:15:00,17,Tuesday,17:15,2024-01-16,21,3,2,1,27,False
2024-01-16 17:30:00,17,Tuesday,17:30,2024-01-16,19,3,2,2,26,False
2024-01-16 17:45:00,17,Tuesday,17:45,2024-01-16,21,3,2,2,28,False
2024-01-16 18:00:00,18,Tuesday,18:00,2024-01-16,28,3,2,3,36,False
2024-01-16 18:15:00,18,Tuesday,18:15,2024-01-16,16,3,2,2,23,False
2024-01-16 18:30:00,18,Tuesday,18:30,2024-01-16,21,4,1,1,27,False
2024-01-16 18:45:00,18,Tuesday,18:45,2024-01-16,32,6,2,4,44,False
2024-01-16 19:00:00,19,Tuesday,19:00,2024-01-16,29,3,3,4,39,False
2024-01-16 19:15:00,19,Tuesday,19:15,2024-01-16,20,3,1,2,26,False
2024-01-16 19:30:00,19,Tuesday,19:30,2024-01-16,29,5,2,4,40,False
2024-01-16 19:45:00,19,Tuesday,19:45,2024-01-16,23,4,1,2,30,False
2024-01-16 20:00:00,20,Tuesday,20:00,2024-01-16,12,1,1,1,15,False
2024-01-16 20:15:00,20,Tuesday,20:15,2024-01-16,9,1,0,1,11,False
2024-01-16 20:30:00,20,Tuesday,20:30,2024-01-16,12,1,1,1,15,False
2024-01-16 20:45:00,20,Tuesday,20:45,2024-01-16,11,2,1,1,15,False
2024-01-16 21:00:00,21,Tuesday,21:00,2024-01-16,5,0,0,0,5,False
2024-01-16 21:15:00,21,Tuesday,21:15,2024-01-16,11,1,1,1,14,False
2024-01-16 21:30:00,21,Tuesday,21:30,2024-01-16,8,1,0,1,10,False
2024-01-16 21:45:00,21,Tuesday,21:45,2024-01-16,10,1,0,1,12,False
2024-01-16 22:00:00,22,Tuesday,22:00,2024-01-16,0,0,0,0,0,False
2024-01-16 22:15:00,22,Tuesday,22:15,2024-01-16,2,0,0,0,2,False
2024-01-16 22:30:00,22,Tuesday,22:30,2024-01-16,1,0,0,0,1,False
2024-01-16 22:45:00,22,Tuesday,22:45,2024-01-16,2,0,0,0,2,False
2024-01-16 23:00:00,23,Tuesday,23:00,2024-01-16,3,0,0,0,3,False
2024-01-16 23:15:00,23,Tuesday,23:15,2024-01-16,1,0,0,0,1,False
2024-01-16 23:30:00,23,Tuesday,23:30,2024-01-16,3,0,0,0,3,False
2024-01-16 23:45:00,23,Tuesday,23:45,2024-01-16,4,0,0,0,4,False
2024-01-17 00:00:00,0,Wednesday,00:00,2024-01-17,0,0,0,0,0,False
2024-01-17 00:15:00,0,Wednesday,00:15,2024-01-17,4,0,0,0,4,False
2024-01-17 00:30:00,0,Wednesday,00:30,2024-01-17,4,0,0,0,4,False
2024-01-17 00:45:00,0,Wednesday,00:45,2024-01-17,3,0,0,0,3,False
2024-01-17 01:00:00,1,Wednesday,01:00,2024-01-17,1,0,0,0,1,False
2024-01-17 01:15:00,1,Wednesday,01:15,2024-01-17,2,0,0,0,2,False
2024-01-17 01:30:00,1,Wednesday,01:30,2024-01-17,4,0,0,0,4,False
2024-01-17 01:45:00,1,Wednesday,01:45,2024-01-17,2,0,0,0,2,False
2024-01-17 02:00:00,2,Wednesday,02:00,2024-01-17,0,0,0,0,0,False
2024-01-17 02:15:00,2,Wednesday,02:15,2024-01-17,0,0,0,0,0,False
2024-01-17 02:30:00,2,Wednesday,02:30,2024-01-17,1,0,0,0,1,False
2024-01-17 02:45:00,2,Wednesday,02:45,2024-01-17,3,0,0,0,3,False
2024-01-17 03:00:00,3,Wednesday,03:00,2024-01-17,4,0,0,0,4,False
2024-01-17 03:15:00,3,Wednesday,03:15,2024-01-17,0,0,0,0,0,False
2024-01-17 03:30:00,3,Wednesday,03:30,2024-01-17,3,0,0,0,3,False
2024-01-17 03:45:00,3,Wednesday,03:45,2024-01-17,1,0,0,0,1,False
2024-01-17 04:00:00,4,Wednesday,04:00,2024-01-17,3,0,0,0,3,False
2024-01-17 04:15:00,4,Wednesday,04:15,2024-01-17,2,0,0,0,2,False
2024-01-17 04:30:00,4,Wednesday,04:30,2024-01-17,5,0,0,0,5,False
2024-01-17 04:45:00,4,Wednesday,04:45,2024-01-17,4,0,0,0,4,False
2024-01-17 05:00:00,5,Wednesday,05:00,2024-01-17,3,0,0,0,3,False
2024-01-17 05:15:00,5,Wednesday,05:15,2024-01-17,0,0,0,0,0,False
2024-01-17 05:30:00,5,Wednesday,05:30,2024-01-17,2,0,0,0,2,False
2024-01-17 05:45:00,5,Wednesday,05:45,2024-01-17,1,0,0,0,1,False
2024-01-17 06:00:00,6,Wednesday,06:00,2024-01-17,5,0,0,0,5,False
2024-01-17 06:15:00,6,Wednesday,06:15,2024-01-17,10,1,1,1,13,False
2024-01-17 06:30:00,6,Wednesday,06:30,2024-01-17,9,1,1,1,12,False
2024-01-17 06:45:00,6,Wednesday,06:45,2024-01-17,11,1,1,1,14,False
2024-01-17 07:00:00,7,Wednesday,07:00,2024-01-17,33,5,3,2,43,False
2024-01-17 07:15:00,7,Wednesday,07:15,2024-01-17,21,4,3,3,31,False
2024-01-17 07:30:00,7,Wednesday,07:30,2024-01-17,30,3,3,3,39,False
2024-01-17 07:45:00,7,Wednesday,07:45,2024-01-17,20,3,1,1,25,False
2024-01-17 08:00:00,8,Wednesday,08:00,2024-01-17,19,3,1,2,25,False
2024-01-17 08:15:00,8,Wednesday,08:15,2024-01-17,21,3,2,2,28,False
2024-01-17 08:30:00,8,Wednesday,08:30,2024-01-17,29,4,3,3,39,False
2024-01-17 08:45:00,8,Wednesday,08:45,2024-01-17,19,2,2,2,25,False
2024-01-17 09:00:00,9,Wednesday,09:00,2024-01-17,17,2,1,1,21,False
2024-01-17 09:15:00,9,Wednesday,09:15,2024-01-17,31,5,2,3,41,False
2024-01-17 09:30:00,9,Wednesday,09:30,2024-01-17,33,5,4,2,44,False
2024-01-17 09:45:00,9,Wednesday,09:45,2024-01-17,25,3,2,2,32,False
2024-01-17 10:00:00,10,Wednesday,10:00,2024-01-17,12,2,0,1,15,False
2024-01-17 10:15:00,10,Wednesday,10:15,2024-01-17,12,1,1,1,15,False
2024-01-17 10:30:00,10,Wednesday,10:30,2024-01-17,14,2,1,1,18,False
2024-01-17 10:45:00,10,Wednesday,10:45,2024-01-17,16,2,2,1,21,False
2024-01-17 11:00:00,11,Wednesday,11:00,2024-01-17,9,1,1,0,11,False
2024-01-17 11:15:00,11,Wednesday,11:15,2024-01-17,13,1,1,2,17,False
2024-01-17 11:30:00,11,Wednesday,11:30,2024-01-17,10,1,0,1,12,False
2024-01-17 11:45:00,11,Wednesday,11:45,2024-01-17,9,1,0,1,11,False
2024-01-17 12:00:00,12,Wednesday,12:00,2024-01-17,17,3,1,2,23,False
2024-01-17 12:15:00,12,Wednesday,12:15,2024-01-17,15,2,1,1,19,False
2024-01-17 12:30:00,12,Wednesday,12:30,2024-01-17,12,1,1,0,14,False
2024-01-17 12:45:00,12,Wednesday,12:45,2024-01-17,8,1,0,0,9,False
2024-01-17 13:00:00,13,Wednesday,13:00,2024-01-17,13,1,1,1,16,False
2024-01-17 13:15:00,13,Wednesday,13:15,2024-01-17,13,2,1,2,18,False
2024-01-17 13:30:00,13,Wednesday,13:30,2024-01-17,16,2,1,2,21,False
2024-01-17 13:45:00,13,Wednesday,13:45,2024-01-17,13,2,1,2,18,False
2024-01-17 14:00:00,14,Wednesday,14:00,2024-01-17,7,1,0,1,9,False
2024-01-17 14:15:00,14,Wednesday,14:15,2024-01-17,13,2,1,2,18,False
2024-01-17 14:30:00,14,Wednesday,14:30,2024-01-17,9,1,0,1,11,False
2024-01-17 14:45:00,14,Wednesday,14:45,2024-01-17,13,2,0,2,17,False
2024-01-17 15:00:00,15,Wednesday,15:00,2024-01-17,10,1,1,1,13,False
2024-01-17 15:15:00,15,Wednesday,15:15,2024-01-17,14,2,1,1,18,False
2024-01-17 15:30:00,15,Wednesday,15:30,2024-01-17,12,1,1,1,15,False
2024-01-17 15:45:00,15,Wednesday,15:45,2024-01-17,7,1,0,0,8,False
2024-01-17 16:00:00,16,Wednesday,16:00,2024-01-17,7,1,1,0,9,False
2024-01-17 16:15:00,16,Wednesday,16:15,2024-01-17,8,1,1,0,10,False
2024-01-17 16:30:00,16,Wednesday,16:30,2024-01-17,13,2,1,1,17,False
2024-01-17 16:45:00,16,Wednesday,16:45,2024-01-17,14,2,1,1,18,False
2024-01-17 17:00:00,17,Wednesday,17:00,2024-01-17,19,2,1,2,24,False
2024-01-17 17:15:00,17,Wednesday,17:15,2024-01-17,27,5,3,3,38,False
2024-01-17 17:30:00,17,Wednesday,17:30,2024-01-17,26,5,2,4,37,False
2024-01-17 17:45:00,17,Wednesday,17:45,2024-01-17,28,5,2,2,37,False
2024-01-17 18:00:00,18,Wednesday,18:00,2024-01-17,25,3,3,4,35,False
2024-01-17 18:15:00,18,Wednesday,18:15,2024-01-17,33,7,3,4,47,False
2024-01-17 18:30:00,18,Wednesday,18:30,2024-01-17,21,3,1,2,27,False
2024-01-17 18:45:00,18,Wednesday,18:45,2024-01-17,20,2,1,2,25,False
2024-01-17 19:00:00,19,Wednesday,19:00,2024-01-17,25,4,2,2,33,False
2024-01-17 19:15:00,19,Wednesday,19:15,2024-01-17,36,6,4,5,51,False
2024-01-17 19:30:00,19,Wednesday,19:30,2024-01-17,28,5,2,5,40,False
2024-01-17 19:45:00,19,Wednesday,19:45,2024-01-17,18,3,1,2,24,False
2024-01-17 20:00:00,20,Wednesday,20:00,2024-01-17,7,1,0,0,8,False
2024-01-17 20:15:00,20,Wednesday,20:15,2024-01-17,8,1,0,1,10,False
2024-01-17 20:30:00,20,Wednesday,20:30,2024-01-17,5,0,0,0,5,False
2024-01-17 20:45:00,20,Wednesday,20:45,2024-01-17,8,1,1,1,11,False
2024-01-17 21:00:00,21,Wednesday,21:00,2024-01-17,10,1,0,0,11,False
2024-01-17 21:15:00,21,Wednesday,21:15,2024-01-17,9,1,1,0,11,False
2024-01-17 21:30:00,21,Wednesday,21:30,2024-01-17,5,0,0,0,5,False
2024-01-17 21:45:00,21,Wednesday,21:45,2024-01-17,7,1,1,0,9,False
2024-01-17 22:00:00,22,Wednesday,22:00,2024-01-17,1,0,0,0,1,False
2024-01-17 22:15:00,22,Wednesday,22:15,2024-01-17,1,0,0,0,1,False
2024-01-17 22:30:00,22,Wednesday,22:30,2024-01-17,4,0,0,0,4,False
2024-01-17 22:45:00,22,Wednesday,22:45,2024-01-17,4,0,0,0,4,False
2024-01-17 23:00:00,23,Wednesday,23:00,2024-01-17,2,0,0,0,2,False
2024-01-17 23:15:00,23,Wednesday,23:15,2024-01-17,2,0,0,0,2,False
2024-01-17 23:30:00,23,Wednesday,23:30,2024-01-17,3,0,0,0,3,False
2024-01-17 23:45:00,23,Wednesday,23:45,2024-01-17,3,0,0,0,3,False
2024-01-18 00:00:00,0,Thursday,00:00,2024-01-18,1,0,0,0,1,False
2024-01-18 00:15:00,0,Thursday,00:15,2024-01-18,2,0,0,0,2,False
2024-01-18 00:30:00,0,Thursday,00:30,2024-01-18,4,0,0,0,4,False
2024-01-18 00:45:00,0,Thursday,00:45,2024-01-18,1,0,0,0,1,False
2024-01-18 01:00:00,1,Thursday,01:00,2024-01-18,2,0,0,0,2,False
2024-01-18 01:15:00,1,Thursday,01:15,2024-01-18,1,0,0,0,1,False
2024-01-18 01:30:00,1,Thursday,01:30,2024-01-18,4,0,0,0,4,False
2024-01-18 01:45:00,1,Thursday,01:45,2024-01-18,2,0,0,0,2,False
2024-01-18 02:00:00,2,Thursday,02:00,2024-01-18,2,0,0,0,2,False
2024-01-18 02:15:00,2,Thursday,02:15,2024-01-18,4,0,0,0,4,False
2024-01-18 02:30:00,2,Thursday,02:30,2024-01-18,3,0,0,0,3,False
2024-01-18 02:45:00,2,Thursday,02:45,2024-01-18,4,0,0,0,4,False
2024-01-18 03:00:00,3,Thursday,03:00,2024-01-18,3,0,0,0,3,False
2024-01-18 03:15:00,3,Thursday,03:15,2024-01-18,4,0,0,0,4,False
2024-01-18 03:30:00,3,Thursday,03:30,2024-01-18,3,0,0,0,3,False
2024-01-18 03:45:00,3,Thursday,03:45,2024-01-18,2,0,0,0,2,False
2024-01-18 04:00:00,4,Thursday,04:00,2024-01-18,2,0,0,0,2,False
2024-01-18 04:15:00,4,Thursday,04:15,2024-01-18,2,0,0,0,2,False
2024-01-18 04:30:00,4,Thursday,04:30,2024-01-18,2,0,0,0,2,False
2024-01-18 04:45:00,4,Thursday,04:45,2024-01-18,3,0,0,0,3,False
2024-01-18 05:00:00,5,Thursday,05:00,2024-01-18,0,0,0,0,0,False
2024-01-18 05:15:00,5,Thursday,05:15,2024-01-18,1,0,0,0,1,False
2024-01-18 05:30:00,5,Thursday,05:30,2024-01-18,4,0,0,0,4,False
2024-01-18 05:45:00,5,Thursday,05:45,2024-01-18,4,0,0,0,4,False
2024-01-18 06:00:00,6,Thursday,06:00,2024-01-18,9,1,1,0,11,False
2024-01-18 06:15:00,6,Thursday,06:15,2024-01-18,9,1,1,1,12,False
2024-01-18 06:30:00,6,Thursday,06:30,2024-01-18,11,1,1,1,14,False
2024-01-18 06:45:00,6,Thursday,06:45,2024-01-18,10,1,1,1,13,False
2024-01-18 07:00:00,7,Thursday,07:00,2024-01-18,16,3,1,2,22,False
2024-01-18 07:15:00,7,Thursday,07:15,2024-01-18,19,2,2,2,25,False
2024-01-18 07:30:00,7,Thursday,07:30,2024-01-18,29,3,2,2,36,False
2024-01-18 07:45:00,7,Thursday,07:45,2024-01-18,17,2,2,2,23,False
2024-01-18 08:00:00,8,Thursday,08:00,2024-01-18,30,4,3,3,40,False
2024-01-18 08:15:00,8,Thursday,08:15,2024-01-18,32,4,3,4,43,False
2024-01-18 08:30:00,8,Thursday,08:30,2024-01-18,28,4,2,2,36,False
2024-01-18 08:45:00,8,Thursday,08:45,2024-01-18,28,3,3,2,36,False
2024-01-18 09:00:00,9,Thursday,09:00,2024-01-18,27,4,2,4,37,False
2024-01-18 09:15:00,9,Thursday,09:15,2024-01-18,29,5,3,2,39,False
2024-01-18 09:30:00,9,Thursday,09:30,2024-01-18,20,3,2,2,27,False
2024-01-18 09:45:00,9,Thursday,09:45,2024-01-18,28,5,3,3,39,False
2024-01-18 10:00:00,10,Thursday,10:00,2024-01-18,9,1,1,1,12,False
2024-01-18 10:15:00,10,Thursday,10:15,2024-01-18,12,1,1,1,15,False
2024-01-18 10:30:00,10,Thursday,10:30,2024-01-18,7,1,0,0,8,False
2024-01-18 10:45:00,10,Thursday,10:45,2024-01-18,14,2,1,1,18,False
2024-01-18 11:00:00,11,Thursday,11:00,2024-01-18,16,2,1,1,20,False
2024-01-18 11:15:00,11,Thursday,11:15,2024-01-18,13,2,1,1,17,False
2024-01-18 11:30:00,11,Thursday,11:30,2024-01-18,15,2,1,2,20,False
2024-01-18 11:45:00,11,Thursday,11:45,2024-01-18,8,1,0,1,10,False
2024-01-18 12:00:00,12,Thursday,12:00,2024-01-18,17,2,2,2,23,False
2024-01-18 12:15:00,12,Thursday,12:15,2024-01-18,13,2,1,1,17,False
2024-01-18 12:30:00,12,Thursday,12:30,2024-01-18,14,1,1,1,17,False
2024-01-18 12:45:00,12,Thursday,12:45,2024-01-18,7,1,0,1,9,False
2024-01-18 13:00:00,13,Thursday,13:00,2024-01-18,8,1,0,0,9,False
2024-01-18 13:15:00,13,Thursday,13:15,2024-01-18,8,1,0,0,9,False
2024-01-18 13:30:00,13,Thursday,13:30,2024-01-18,9,1,1,0,11,False
2024-01-18 13:45:00,13,Thursday,13:45,2024-01-18,16,1,1,1,19,False
2024-01-18 14:00:00,14,Thursday,14:00,2024-01-18,11,1,1,1,14,False
2024-01-18 14:15:00,14,Thursday,14:15,2024-01-18,6,1,0,0,7,False
2024-01-18 14:30:00,14,Thursday,14:30,2024-01-18,10,1,0,0,11,False
2024-01-18 14:45:00,14,Thursday,14:45,2024-01-18,7,1,0,0,8,False
2024-01-18 15:00:00,15,Thursday,15:00,2024-01-18,10,1,0,1,12,False
2024-01-18 15:15:00,15,Thursday,15:15,2024-01-18,14,1,1,1,17,False
2024-01-18 15:30:00,15,Thursday,15:30,2024-01-18,14,2,1,2,19,False
2024-01-18 15:45:00,15,Thursday,15:45,2024-01-18,7,1,0,0,8,False
2024-01-18 16:00:00,16,Thursday,16:00,2024-01-18,10,2,0,1,13,False
2024-01-18 16:15:00,16,Thursday,16:15,2024-01-18,12,1,1,1,15,False
2024-01-18 16:30:00,16,Thursday,16:30,2024-01-18,14,2,1,2,19,False
2024-01-18 16:45:00,16,Thursday,16:45,2024-01-18,14,3,1,2,20,False
2024-01-18 17:00:00,17,Thursday,17:00,2024-01-18,33,6,3,4,46,False
2024-01-18 17:15:00,17,Thursday,17:15,2024-01-18,30,5,3,3,41,False
2024-01-18 17:30:00,17,Thursday,17:30,2024-01-18,31,3,2,3,39,False
2024-01-18 17:45:00,17,Thursday,17:45,2024-01-18,17,2,1,2,22,False
2024-01-18 18:00:00,18,Thursday,18:00,2024-01-18,18,3,2,2,25,False
2024-01-18 18:15:00,18,Thursday,18:15,2024-01-18,19,3,2,2,26,False
2024-01-18 18:30:00,18,Thursday,18:30,2024-01-18,26,3,3,2,34,False
2024-01-18 18:45:00,18,Thursday,18:45,2024-01-18,33,6,2,3,44,False
2024-01-18 19:00:00,19,Thursday,19:00,2024-01-18,25,4,2,3,34,False
2024-01-18 19:15:00,19,Thursday,19:15,2024-01-18,31,5,4,3,43,False
2024-01-18 19:30:00,19,Thursday,19:30,2024-01-18,31,5,2,5,43,False
2024-01-18 19:45:00,19,Thursday,19:45,2024-01-18,25,4,2,2,33,False
2024-01-18 20:00:00,20,Thursday,20:00,2024-01-18,7,1,0,0,8,False
2024-01-18 20:15:00,20,Thursday,20:15,2024-01-18,7,0,0,0,7,False
2024-01-18 20:30:00,20,Thursday,20:30,2024-01-18,6,0,0,0,6,False
2024-01-18 20:45:00,20,Thursday,20:45,2024-01-18,11,1,1,1,14,False
2024-01-18 21:00:00,21,Thursday,21:00,2024-01-18,11,1,0,1,13,False
2024-01-18 21:15:00,21,Thursday,21:15,2024-01-18,6,1,0,0,7,False
2024-01-18 21:30:00,21,Thursday,21:30,2024-01-18,10,1,0,1,12,False
2024-01-18 21:45:00,21,Thursday,21:45,2024-01-18,9,1,1,1,12,False
2024-01-18 22:00:00,22,Thursday,22:00,2024-01-18,3,0,0,0,3,False
2024-01-18 22:15:00,22,Thursday,22:15,2024-01-18,3,0,0,0,3,False
2024-01-18 22:30:00,22,Thursday,22:30,2024-01-18,4,0,0,0,4,False
2024-01-18 22:45:00,22,Thursday,22:45,2024-01-18,3,0,0,0,3,False
2024-01-18 23:00:00,23,Thursday,23:00,2024-01-18,1,0,0,0,1,False
2024-01-18 23:15:00,23,Thursday,23:15,2024-01-18,2,0,0,0,2,False
2024-01-18 23:30:00,23,Thursday,23:30,2024-01-18,2,0,0,0,2,False
2024-01-18 23:45:00,23,Thursday,23:45,2024-01-18,3,0,0,0,3,False
2024-01-19 00:00:00,0,Friday,00:00,2024-01-19,0,0,0,0,0,False
2024-01-19 00:15:00,0,Friday,00:15,2024-01-19,3,0,0,0,3,False
2024-01-19 00:30:00,0,Friday,00:30,2024-01-19,2,0,0,0,2,False
2024-01-19 00:45:00,0,Friday,00:45,2024-01-19,5,0,0,0,5,False
2024-01-19 01:00:00,1,Friday,01:00,2024-01-19,2,0,0,0,2,False
2024-01-19 01:15:00,1,Friday,01:15,2024-01-19,2,0,0,0,2,False
2024-01-19 01:30:00,1,Friday,01:30,2024-01-19,2,0,0,0,2,False
2024-01-19 01:45:00,1,Friday,01:45,2024-01-19,5,0,0,0,5,False
2024-01-19 02:00:00,2,Friday,02:00,2024-01-19,3,0,0,0,3,False
2024-01-19 02:15:00,2,Friday,02:15,2024-01-19,2,0,0,0,2,False
2024-01-19 02:30:00,2,Friday,02:30,2024-01-19,4,0,0,0,4,False
2024-01-19 02:45:00,2,Friday,02:45,2024-01-19,0,0,0,0,0,False
2024-01-19 03:00:00,3,Friday,03:00,2024-01-19,2,0,0,0,2,False
2024-01-19 03:15:00,3,Friday,03:15,2024-01-19,4,0,0,0,4,False
2024-01-19 03:30:00,3,Friday,03:30,2024-01-19,0,0,0,0,0,False
2024-01-19 03:45:00,3,Friday,03:45,2024-01-19,2,0,0,0,2,False
2024-01-19 04:00:00,4,Friday,04:00,2024-01-19,2,0,0,0,2,False
2024-01-19 04:15:00,4,Friday,04:15,2024-01-19,4,0,0,0,4,False
2024-01-19 04:30:00,4,Friday,04:30,2024-01-19,3,0,0,0,3,False
2024-01-19 04:45:00,4,Friday,04:45,2024-01-19,5,0,0,0,5,False
2024-01-19 05:00:00,5,Friday,05:00,2024-01-19,4,0,0,0,4,False
2024-01-19 05:15:00,5,Friday,05:15,2024-01-19,2,0,0,0,2,False
2024-01-19 05:30:00,5,Friday,05:30,2024-01-19,3,0,0,0,3,False
2024-01-19 05:45:00,5,Friday,05:45,2024-01-19,4,0,0,0,4,False
2024-01-19 06:00:00,6,Friday,06:00,2024-01-19,7,1,0,0,8,False
2024-01-19 06:15:00,6,Friday,06:15,2024-01-19,8,1,0,1,10,False
2024-01-19 06:30:00,6,Friday,06:30,2024-01-19,6,1,0,0,7,False
2024-01-19 06:45:00,6,Friday,06:45,2024-01-19,6,1,0,0,7,False
2024-01-19 07:00:00,7,Friday,07:00,2024-01-19,33,3,4,4,44,False
2024-01-19 07:15:00,7,Friday,07:15,2024-01-19,30,3,2,4,39,False
2024-01-19 07:30:00,7,Friday,07:30,2024-01-19,19,3,2,3,27,False
2024-01-19 07:45:00,7,Friday,07:45,2024-01-19,32,4,3,4,43,False
2024-01-19 08:00:00,8,Friday,08:00,2024-01-19,29,4,2,3,38,False
2024-01-19 08:15:00,8,Friday,08:15,2024-01-19,29,4,3,2,38,False
2024-01-19 08:30:00,8,Friday,08:30,2024-01-19,26,5,2,3,36,False
2024-01-19 08:45:00,8,Friday,08:45,2024-01-19,29,3,2,3,37,False
2024-01-19 09:00:00,9,Friday,09:00,2024-01-19,28,4,3,4,39,False
2024-01-19 09:15:00,9,Friday,09:15,2024-01-19,19,3,1,2,25,False
2024-01-19 09:30:00,9,Friday,09:30,2024-01-19,31,4,2,4,41,False
2024-01-19 09:45:00,9,Friday,09:45,2024-01-19,29,5,3,3,40,False
2024-01-19 10:00:00,10,Friday,10:00,2024-01-19,9,1,1,1,12,False
2024-01-19 10:15:00,10,Friday,10:15,2024-01-19,14,2,1,1,18,False
2024-01-19 10:30:00,10,Friday,10:30,2024-01-19,16,2,1,2,21,False
2024-01-19 10:45:00,10,Friday,10:45,2024-01-19,10,1,0,1,12,False
2024-01-19 11:00:00,11,Friday,11:00,2024-01-19,13,1,1,1,16,False
2024-01-19 11:15:00,11,Friday,11:15,2024-01-19,9,1,0,0,10,False
2024-01-19 11:30:00,11,Friday,11:30,2024-01-19,8,1,1,1,11,False
2024-01-19 11:45:00,11,Friday,11:45,2024-01-19,9,1,1,0,11,False
2024-01-19 12:00:00,12,Friday,12:00,2024-01-19,17,2,1,1,21,False
2024-01-19 12:15:00,12,Friday,12:15,2024-01-19,12,1,1,2,16,False
2024-01-19 12:30:00,12,Friday,12:30,2024-01-19,12,1,1,1,15,False
2024-01-19 12:45:00,12,Friday,12:45,2024-01-19,9,1,0,0,10,False
2024-01-19 13:00:00,13,Friday,13:00,2024-01-19,13,1,1,1,16,False
2024-01-19 13:15:00,13,Friday,13:15,2024-01-19,11,1,1,1,14,False
2024-01-19 13:30:00,13,Friday,13:30,2024-01-19,17,2,2,2,23,False
2024-01-19 13:45:00,13,Friday,13:45,2024-01-19,16,3,1,2,22,False
2024-01-19 14:00:00,14,Friday,14:00,2024-01-19,12,1,1,2,16,False
2024-01-19 14:15:00,14,Friday,14:15,2024-01-19,14,1,1,1,17,False
2024-01-19 14:30:00,14,Friday,14:30,2024-01-19,12,2,1,2,17,False
2024-01-19 14:45:00,14,Friday,14:45,2024-01-19,16,2,1,2,21,False
2024-01-19 15:00:00,15,Friday,15:00,2024-01-19,7,0,0,0,7,False
2024-01-19 15:15:00,15,Friday,15:15,2024-01-19,10,1,1,1,13,False
2024-01-19 15:30:00,15,Friday,15:30,2024-01-19,8,1,0,1,10,False
2024-01-19 15:45:00,15,Friday,15:45,2024-01-19,14,3,1,1,19,False
2024-01-19 16:00:00,16,Friday,16:00,2024-01-19,11,1,1,1,14,False
2024-01-19 16:15:00,16,Friday,16:15,2024-01-19,16,3,2,2,23,False
2024-01-19 16:30:00,16,Friday,16:30,2024-01-19,14,2,1,1,18,False
2024-01-19 16:45:00,16,Friday,16:45,2024-01-19,7,1,1,0,9,False
2024-01-19 17:00:00,17,Friday,17:00,2024-01-19,32,4,3,3,42,False
2024-01-19 17:15:00,17,Friday,17:15,2024-01-19,25,5,2,3,35,False
2024-01-19 17:30:00,17,Friday,17:30,2024-01-19,32,6,3,3,44,False
2024-01-19 17:45:00,17,Friday,17:45,2024-01-19,22,4,2,2,30,False
2024-01-19 18:00:00,18,Friday,18:00,2024-01-19,31,4,3,3,41,False
2024-01-19 18:15:00,18,Friday,18:15,2024-01-19,28,4,3,2,37,False
2024-01-19 18:30:00,18,Friday,18:30,2024-01-19,23,4,1,2,30,False
2024-01-19 18:45:00,18,Friday,18:45,2024-01-19,22,4,1,3,30,False
2024-01-19 19:00:00,19,Friday,19:00,2024-01-19,35,5,4,4,48,False
2024-01-19 19:15:00,19,Friday,19:15,2024-01-19,25,5,3,3,36,False
2024-01-19 19:30:00,19,Friday,19:30,2024-01-19,20,3,2,3,28,False
2024-01-19 19:45:00,19,Friday,19:45,2024-01-19,21,3,1,3,28,False
2024-01-19 20:00:00,20,Friday,20:00,2024-01-19,9,1,0,1,11,False
2024-01-19 20:15:00,20,Friday,20:15,2024-01-19,10,1,1,1,13,False
2024-01-19 20:30:00,20,Friday,20:30,2024-01-19,11,1,0,1,13,False
2024-01-19 20:45:00,20,Friday,20:45,2024-01-19,6,1,0,1,8,False
2024-01-19 21:00:00,21,Friday,21:00,2024-01-19,11,1,1,1,14,False
2024-01-19 21:15:00,21,Friday,21:15,2024-01-19,6,1,0,0,7,False
2024-01-19 21:30:00,21,Friday,21:30,2024-01-19,9,1,1,0,11,False
2024-01-19 21:45:00,21,Friday,21:45,2024-01-19,9,1,1,1,12,False
2024-01-19 22:00:00,22,Friday,22:00,2024-01-19,4,0,0,0,4,False
2024-01-19 22:15:00,22,Friday,22:15,2024-01-19,4,0,0,0,4,False
2024-01-19 22:30:00,22,Friday,22:30,2024-01-19,2,0,0,0,2,False
2024-01-19 22:45:00,22,Friday,22:45,2024-01-19,4,0,0,0,4,False
2024-01-19 23:00:00,23,Friday,23:00,2024-01-19,3,0,0,0,3,False
2024-01-19 23:15:00,23,Friday,23:15,2024-01-19,2,0,0,0,2,False
2024-01-19 23:30:00,23,Friday,23:30,2024-01-19,4,0,0,0,4,False
2024-01-19 23:45:00,23,Friday,23:45,2024-01-19,0,0,0,0,0,False
2024-01-20 00:00:00,0,Saturday,00:00,2024-01-20,1,0,0,0,1,True
2024-01-20 00:15:00,0,Saturday,00:15,2024-01-20,1,0,0,0,1,True
2024-01-20 00:30:00,0,Saturday,00:30,2024-01-20,0,0,0,0,0,True
2024-01-20 00:45:00,0,Saturday,00:45,2024-01-20,0,0,0,0,0,True
2024-01-20 01:00:00,1,Saturday,01:00,2024-01-20,0,0,0,0,0,True
2024-01-20 01:15:00,1,Saturday,01:15,2024-01-20,2,0,0,0,2,True
2024-01-20 01:30:00,1,Saturday,01:30,2024-01-20,0,0,0,0,0,True
2024-01-20 01:45:00,1,Saturday,01:45,2024-01-20,1,0,0,0,1,True
2024-01-20 02:00:00,2,Saturday,02:00,2024-01-20,0,0,0,0,0,True
2024-01-20 02:15:00,2,Saturday,02:15,2024-01-20,2,0,0,0,2,True
2024-01-20 02:30:00,2,Saturday,02:30,2024-01-20,2,0,0,0,2,True
2024-01-20 02:45:00,2,Saturday,02:45,2024-01-20,0,0,0,0,0,True
2024-01-20 03:00:00,3,Saturday,03:00,2024-01-20,1,0,0,0,1,True
2024-01-20 03:15:00,3,Saturday,03:15,2024-01-20,0,0,0,0,0,True
2024-01-20 03:30:00,3,Saturday,03:30,2024-01-20,1,0,0,0,1,True
2024-01-20 03:45:00,3,Saturday,03:45,2024-01-20,0,0,0,0,0,True
2024-01-20 04:00:00,4,Saturday,04:00,2024-01-20,2,0,0,0,2,True
2024-01-20 04:15:00,4,Saturday,04:15,2024-01-20,0,0,0,0,0,True
2024-01-20 04:30:00,4,Saturday,04:30,2024-01-20,0,0,0,0,0,True
2024-01-20 04:45:00,4,Saturday,04:45,2024-01-20,2,0,0,0,2,True
2024-01-20 05:00:00,5,Saturday,05:00,2024-01-20,0,0,0,0,0,True
2024-01-20 05:15:00,5,Saturday,05:15,2024-01-20,0,0,0,0,0,True
2024-01-20 05:30:00,5,Saturday,05:30,2024-01-20,2,0,0,0,2,True
2024-01-20 05:45:00,5,Saturday,05:45,2024-01-20,2,0,0,0,2,True
2024-01-20 06:00:00,6,Saturday,06:00,2024-01-20,5,1,0,0,6,True
2024-01-20 06:15:00,6,Saturday,06:15,2024-01-20,5,1,0,0,6,True
2024-01-20 06:30:00,6,Saturday,06:30,2024-01-20,2,0,0,0,2,True
2024-01-20 06:45:00,6,Saturday,06:45,2024-01-20,4,0,0,0,4,True
2024-01-20 07:00:00,7,Saturday,07:00,2024-01-20,10,1,1,1,13,True
2024-01-20 07:15:00,7,Saturday,07:15,2024-01-20,14,1,1,1,17,True
2024-01-20 07:30:00,7,Saturday,07:30,2024-01-20,11,1,1,0,13,True
2024-01-20 07:45:00,7,Saturday,07:45,2024-01-20,17,3,2,2,24,True
2024-01-20 08:00:00,8,Saturday,08:00,2024-01-20,14,2,1,1,18,True
2024-01-20 08:15:00,8,Saturday,08:15,2024-01-20,16,2,2,1,21,True
2024-01-20 08:30:00,8,Saturday,08:30,2024-01-20,19,2,2,1,24,True
2024-01-20 08:45:00,8,Saturday,08:45,2024-01-20,19,3,1,2,25,True
2024-01-20 09:00:00,9,Saturday,09:00,2024-01-20,11,2,1,1,15,True
2024-01-20 09:15:00,9,Saturday,09:15,2024-01-20,15,2,1,1,19,True
2024-01-20 09:30:00,9,Saturday,09:30,2024-01-20,19,2,2,1,24,True
2024-01-20 09:45:00,9,Saturday,09:45,2024-01-20,20,4,1,2,27,True
2024-01-20 10:00:00,10,Saturday,10:00,2024-01-20,4,0,0,0,4,True
2024-01-20 10:15:00,10,Saturday,10:15,2024-01-20,3,0,0,0,3,True
2024-01-20 10:30:00,10,Saturday,10:30,2024-01-20,7,1,0,0,8,True
2024-01-20 10:45:00,10,Saturday,10:45,2024-01-20,5,1,0,0,6,True
2024-01-20 11:00:00,11,Saturday,11:00,2024-01-20,7,0,0,0,7,True
2024-01-20 11:15:00,11,Saturday,11:15,2024-01-20,4,0,0,0,4,True
2024-01-20 11:30:00,11,Saturday,11:30,2024-01-20,7,1,0,1,9,True
2024-01-20 11:45:00,11,Saturday,11:45,2024-01-20,5,0,0,0,5,True
2024-01-20 12:00:00,12,Saturday,12:00,2024-01-20,8,1,0,1,10,True
2024-01-20 12:15:00,12,Saturday,12:15,2024-01-20,5,0,0,0,5,True
2024-01-20 12:30:00,12,Saturday,12:30,2024-01-20,6,0,0,0,6,True
2024-01-20 12:45:00,12,Saturday,12:45,2024-01-20,4,0,0,0,4,True
2024-01-20 13:00:00,13,Saturday,13:00,2024-01-20,4,0,0,0,4,True
2024-01-20 13:15:00,13,Saturday,13:15,2024-01-20,10,1,1,1,13,True
2024-01-20 13:30:00,13,Saturday,13:30,2024-01-20,4,0,0,0,4,True
2024-01-20 13:45:00,13,Saturday,13:45,2024-01-20,5,1,0,0,6,True
2024-01-20 14:00:00,14,Saturday,14:00,2024-01-20,10,2,1,1,14,True
2024-01-20 14:15:00,14,Saturday,14:15,2024-01-20,7,1,0,0,8,True
2024-01-20 14:30:00,14,Saturday,14:30,2024-01-20,6,1,0,0,7,True
2024-01-20 14:45:00,14,Saturday,14:45,2024-01-20,4,0,0,0,4,True
2024-01-20 15:00:00,15,Saturday,15:00,2024-01-20,6,0,0,0,6,True
2024-01-20 15:15:00,15,Saturday,15:15,2024-01-20,9,2,0,1,12,True
2024-01-20 15:30:00,15,Saturday,15:30,2024-01-20,5,0,0,0,5,True
2024-01-20 15:45:00,15,Saturday,15:45,2024-01-20,5,0,0,0,5,True
2024-01-20 16:00:00,16,Saturday,16:00,2024-01-20,9,1,1,0,11,True
2024-01-20 16:15:00,16,Saturday,16:15,2024-01-20,6,0,0,0,6,True
2024-01-20 16:30:00,16,Saturday,16:30,2024-01-20,5,1,0,0,6,True
2024-01-20 16:45:00,16,Saturday,16:45,2024-01-20,6,1,0,0,7,True
2024-01-20 17:00:00,17,Saturday,17:00,2024-01-20,12,1,1,0,14,True
2024-01-20 17:15:00,17,Saturday,17:15,2024-01-20,16,3,1,1,21,True
2024-01-20 17:30:00,17,Saturday,17:30,2024-01-20,11,2,1,0,14,True
2024-01-20 17:45:00,17,Saturday,17:45,2024-01-20,14,2,1,2,19,True
2024-01-20 18:00:00,18,Saturday,18:00,2024-01-20,11,1,1,0,13,True
2024-01-20 18:15:00,18,Saturday,18:15,2024-01-20,11,1,1,0,13,True
2024-01-20 18:30:00,18,Saturday,18:30,2024-01-20,16,1,2,1,20,True
2024-01-20 18:45:00,18,Saturday,18:45,2024-01-20,17,2,2,1,22,True
2024-01-20 19:00:00,19,Saturday,19:00,2024-01-20,11,1,1,1,14,True
2024-01-20 19:15:00,19,Saturday,19:15,2024-01-20,10,2,1,1,14,True
2024-01-20 19:30:00,19,Saturday,19:30,2024-01-20,18,3,1,2,24,True
2024-01-20 19:45:00,19,Saturday,19:45,2024-01-20,17,2,1,2,22,True
2024-01-20 20:00:00,20,Saturday,20:00,2024-01-20,2,0,0,0,2,True
2024-01-20 20:15:00,20,Saturday,20:15,2024-01-20,4,0,0,0,4,True
2024-01-20 20:30:00,20,Saturday,20:30,2024-01-20,4,0,0,0,4,True
2024-01-20 20:45:00,20,Saturday,20:45,2024-01-20,5,0,0,0,5,True
2024-01-20 21:00:00,21,Saturday,21:00,2024-01-20,6,0,0,0,6,True
2024-01-20 21:15:00,21,Saturday,21:15,2024-01-20,2,0,0,0,2,True
2024-01-20 21:30:00,21,Saturday,21:30,2024-01-20,5,0,0,0,5,True
2024-01-20 21:45:00,21,Saturday,21:45,2024-01-20,6,0,0,0,6,True
2024-01-20 22:00:00,22,Saturday,22:00,2024-01-20,1,0,0,0,1,True
2024-01-20 22:15:00,22,Saturday,22:15,2024-01-20,1,0,0,0,1,True
2024-01-20 22:30:00,22,Saturday,22:30,2024-01-20,1,0,0,0,1,True
2024-01-20 22:45:00,22,Saturday,22:45,2024-01-20,2,0,0,0,2,True
2024-01-20 23:00:00,23,Saturday,23:00,2024-01-20,1,0,0,0,1,True
2024-01-20 23:15:00,23,Saturday,23:15,2024-01-20,1,0,0,0,1,True
2024-01-20 23:30:00,23,Saturday,23:30,2024-01-20,0,0,0,0,0,True
2024-01-20 23:45:00,23,Saturday,23:45,2024-01-20,0,0,0,0,0,True
2024-01-21 00:00:00,0,Sunday,00:00,2024-01-21,2,0,0,0,2,True
2024-01-21 00:15:00,0,Sunday,00:15,2024-01-21,2,0,0,0,2,True
2024-01-21 00:30:00,0,Sunday,00:30,2024-01-21,2,0,0,0,2,True
2024-01-21 00:45:00,0,Sunday,00:45,2024-01-21,1,0,0,0,1,True
2024-01-21 01:00:00,1,Sunday,01:00,2024-01-21,0,0,0,0,0,True
2024-01-21 01:15:00,1,Sunday,01:15,2024-01-21,2,0,0,0,2,True
2024-01-21 01:30:00,1,Sunday,01:30,2024-01-21,2,0,0,0,2,True
2024-01-21 01:45:00,1,Sunday,01:45,2024-01-21,2,0,0,0,2,True
2024-01-21 02:00:00,2,Sunday,02:00,2024-01-21,1,0,0,0,1,True
2024-01-21 02:15:00,2,Sunday,02:15,2024-01-21,2,0,0,0,2,True
2024-01-21 02:30:00,2,Sunday,02:30,2024-01-21,0,0,0,0,0,True
2024-01-21 02:45:00,2,Sunday,02:45,2024-01-21,2,0,0,0,2,True
2024-01-21 03:00:00,3,Sunday,03:00,2024-01-21,1,0,0,0,1,True
2024-01-21 03:15:00,3,Sunday,03:15,2024-01-21,2,0,0,0,2,True
2024-01-21 03:30:00,3,Sunday,03:30,2024-01-21,2,0,0,0,2,True
2024-01-21 03:45:00,3,Sunday,03:45,2024-01-21,0,0,0,0,0,True
2024-01-21 04:00:00,4,Sunday,04:00,2024-01-21,1,0,0,0,1,True
2024-01-21 04:15:00,4,Sunday,04:15,2024-01-21,0,0,0,0,0,True
2024-01-21 04:30:00,4,Sunday,04:30,2024-01-21,0,0,0,0,0,True
2024-01-21 04:45:00,4,Sunday,04:45,2024-01-21,2,0,0,0,2,True
2024-01-21 05:00:00,5,Sunday,05:00,2024-01-21,2,0,0,0,2,True
2024-01-21 05:15:00,5,Sunday,05:15,2024-01-21,2,0,0,0,2,True
2024-01-21 05:30:00,5,Sunday,05:30,2024-01-21,0,0,0,0,0,True
2024-01-21 05:45:00,5,Sunday,05:45,2024-01-21,0,0,0,0,0,True
2024-01-21 06:00:00,6,Sunday,06:00,2024-01-21,5,0,0,0,5,True
2024-01-21 06:15:00,6,Sunday,06:15,2024-01-21,6,1,0,1,8,True
2024-01-21 06:30:00,6,Sunday,06:30,2024-01-21,6,0,0,1,7,True
2024-01-21 06:45:00,6,Sunday,06:45,2024-01-21,3,0,0,0,3,True
2024-01-21 07:00:00,7,Sunday,07:00,2024-01-21,11,1,1,1,14,True
2024-01-21 07:15:00,7,Sunday,07:15,2024-01-21,14,2,1,1,18,True
2024-01-21 07:30:00,7,Sunday,07:30,2024-01-21,17,2,2,2,23,True
2024-01-21 07:45:00,7,Sunday,07:45,2024-01-21,10,1,1,1,13,True
2024-01-21 08:00:00,8,Sunday,08:00,2024-01-21,12,2,1,1,16,True
2024-01-21 08:15:00,8,Sunday,08:15,2024-01-21,10,2,1,1,14,True
2024-01-21 08:30:00,8,Sunday,08:30,2024-01-21,19,3,2,2,26,True
2024-01-21 08:45:00,8,Sunday,08:45,2024-01-21,14,1,1,1,17,True
2024-01-21 09:00:00,9,Sunday,09:00,2024-01-21,20,2,2,1,25,True
2024-01-21 09:15:00,9,Sunday,09:15,2024-01-21,11,1,1,0,13,True
2024-01-21 09:30:00,9,Sunday,09:30,2024-01-21,20,4,1,2,27,True
2024-01-21 09:45:00,9,Sunday,09:45,2024-01-21,17,2,1,1,21,True
2024-01-21 10:00:00,10,Sunday,10:00,2024-01-21,6,0,0,0,6,True
2024-01-21 10:15:00,10,Sunday,10:15,2024-01-21,4,0,0,0,4,True
2024-01-21 10:30:00,10,Sunday,10:30,2024-01-21,8,0,0,0,8,True
2024-01-21 10:45:00,10,Sunday,10:45,2024-01-21,6,1,0,0,7,True
2024-01-21 11:00:00,11,Sunday,11:00,2024-01-21,7,1,0,0,8,True
2024-01-21 11:15:00,11,Sunday,11:15,2024-01-21,4,0,0,0,4,True
2024-01-21 11:30:00,11,Sunday,11:30,2024-01-21,6,1,0,0,7,True
2024-01-21 11:45:00,11,Sunday,11:45,2024-01-21,8,1,0,0,9,True
2024-01-21 12:00:00,12,Sunday,12:00,2024-01-21,4,0,0,0,4,True
2024-01-21 12:15:00,12,Sunday,12:15,2024-01-21,8,1,0,1,10,True
2024-01-21 12:30:00,12,Sunday,12:30,2024-01-21,6,1,0,0,7,True
2024-01-21 12:45:00,12,Sunday,12:45,2024-01-21,4,0,0,0,4,True
2024-01-21 13:00:00,13,Sunday,13:00,2024-01-21,6,0,0,0,6,True
2024-01-21 13:15:00,13,Sunday,13:15,2024-01-21,8,1,0,1,10,True
2024-01-21 13:30:00,13,Sunday,13:30,2024-01-21,6,0,0,1,7,True
2024-01-21 13:45:00,13,Sunday,13:45,2024-01-21,6,1,0,0,7,True
2024-01-21 14:00:00,14,Sunday,14:00,2024-01-21,9,1,1,1,12,True
2024-01-21 14:15:00,14,Sunday,14:15,2024-01-21,5,1,0,0,6,True
2024-01-21 14:30:00,14,Sunday,14:30,2024-01-21,8,1,0,1,10,True
2024-01-21 14:45:00,14,Sunday,14:45,2024-01-21,6,1,0,0,7,True
2024-01-21 15:00:00,15,Sunday,15:00,2024-01-21,7,1,0,0,8,True
2024-01-21 15:15:00,15,Sunday,15:15,2024-01-21,7,1,1,1,10,True
2024-01-21 15:30:00,15,Sunday,15:30,2024-01-21,8,1,0,1,10,True
2024-01-21 15:45:00,15,Sunday,15:45,2024-01-21,5,0,0,0,5,True
2024-01-21 16:00:00,16,Sunday,16:00,2024-01-21,6,1,0,0,7,True
2024-01-21 16:15:00,16,Sunday,16:15,2024-01-21,8,1,0,0,9,True
2024-01-21 16:30:00,16,Sunday,16:30,2024-01-21,6,1,0,0,7,True
2024-01-21 16:45:00,16,Sunday,16:45,2024-01-21,8,1,0,0,9,True
2024-01-21 17:00:00,17,Sunday,17:00,2024-01-21,16,2,2,1,21,True
2024-01-21 17:15:00,17,Sunday,17:15,2024-01-21,15,1,1,2,19,True
2024-01-21 17:30:00,17,Sunday,17:30,2024-01-21,18,3,2,2,25,True
2024-01-21 17:45:00,17,Sunday,17:45,2024-01-21,16,2,1,2,21,True
2024-01-21 18:00:00,18,Sunday,18:00,2024-01-21,12,2,1,1,16,True
2024-01-21 18:15:00,18,Sunday,18:15,2024-01-21,15,1,1,1,18,True
2024-01-21 18:30:00,18,Sunday,18:30,2024-01-21,20,3,1,2,26,True
2024-01-21 18:45:00,18,Sunday,18:45,2024-01-21,19,3,2,1,25,True
2024-01-21 19:00:00,19,Sunday,19:00,2024-01-21,15,2,1,1,19,True
2024-01-21 19:15:00,19,Sunday,19:15,2024-01-21,11,2,1,1,15,True
2024-01-21 19:30:00,19,Sunday,19:30,2024-01-21,15,2,1,1,19,True
2024-01-21 19:45:00,19,Sunday,19:45,2024-01-21,13,1,1,1,16,True
2024-01-21 20:00:00,20,Sunday,20:00,2024-01-21,4,0,0,0,4,True
2024-01-21 20:15:00,20,Sunday,20:15,2024-01-21,5,1,0,0,6,True
2024-01-21 20:30:00,20,Sunday,20:30,2024-01-21,3,0,0,0,3,True
2024-01-21 20:45:00,20,Sunday,20:45,2024-01-21,6,1,0,0,7,True
2024-01-21 21:00:00,21,Sunday,21:00,2024-01-21,4,0,0,0,4,True
2024-01-21 21:15:00,21,Sunday,21:15,2024-01-21,5,0,0,0,5,True
2024-01-21 21:30:00,21,Sunday,21:30,2024-01-21,6,1,0,0,7,True
2024-01-21 21:45:00,21,Sunday,21:45,2024-01-21,4,0,0,0,4,True
2024-01-21 22:00:00,22,Sunday,22:00,2024-01-21,0,0,0,0,0,True
2024-01-21 22:15:00,22,Sunday,22:15,2024-01-21,2,0,0,0,2,True
2024-01-21 22:30:00,22,Sunday,22:30,2024-01-21,0,0,0,0,0,True
2024-01-21 22:45:00,22,Sunday,22:45,2024-01-21,0,0,0,0,0,True
2024-01-21 23:00:00,23,Sunday,23:00,2024-01-21,2,0,0,0,2,True
2024-01-21 23:15:00,23,Sunday,23:15,2024-01-21,1,0,0,0,1,True
2024-01-21 23:30:00,23,Sunday,23:30,2024-01-21,0,0,0,0,0,True
2024-01-21 23:45:00,23,Sunday,23:45,2024-01-21,2,0,0,0,2,True
